<application>
  <component name="LafManager" autodetect="false">
    <laf class-name="com.intellij.ide.ui.laf.darcula.DarculaLaf" themeId="intellij_github_dark_dimmed_theme" />
    <lafs-to-previous-schemes>
      <laf-to-scheme laf="Dark" scheme="_@user_Dark" />
      <laf-to-scheme laf="GitHub Dark" scheme="_@user_GitHub Dark" />
      <laf-to-scheme laf="GitHub Dark Dimmed" scheme="_@user_GitHub Dark Dimmed" />
      <laf-to-scheme laf="GitHub Dark Experimental" scheme="_@user_GitHub Dark Experimental" />
      <laf-to-scheme laf="GitHub Dark High Contrast" scheme="_@user_GitHub Dark High Contrast" />
      <laf-to-scheme laf="GitHub Light" scheme="_@user_GitHub Light" />
    </lafs-to-previous-schemes>
  </component>
</application>